,Features,AvgLossSyn
0,"['monthly_emissions', 'prcp', 'snow']",0.006318998939309869
0,"['monthly_emissions', 'prcp', 'tavg']",0.004646707664166725
0,"['monthly_emissions', 'prcp', 'gdp_rel_2017_interp']",0.010143233049715546
0,"['monthly_emissions', 'prcp', 'monthly_energy_prod']",0.007095932946547057
0,"['monthly_emissions', 'prcp', 'monthly_energy_use']",0.0065912625809760594
0,"['monthly_emissions', 'prcp', 'monthly_energy_flow']",0.00704205970778837
0,"['monthly_emissions', 'prcp', 'monthly_renew_pct']",0.011556229983961852
0,"['monthly_emissions', 'prcp', 'monthly_fossil_pct']",0.007712673715222038
0,"['monthly_emissions', 'prcp', 'monthly_pop_density']",0.006626289251392983
0,"['monthly_emissions', 'prcp', 'monthly_emissions_sma']",0.006545270116363419
0,"['monthly_emissions', 'snow', 'tavg']",0.004947266708961877
0,"['monthly_emissions', 'snow', 'gdp_rel_2017_interp']",0.013889231225331512
0,"['monthly_emissions', 'snow', 'monthly_energy_prod']",0.10404718203314983
0,"['monthly_emissions', 'snow', 'monthly_energy_use']",0.005525180401333713
0,"['monthly_emissions', 'snow', 'monthly_energy_flow']",0.0060806692396223406
0,"['monthly_emissions', 'snow', 'monthly_renew_pct']",0.0065925575144195865
0,"['monthly_emissions', 'snow', 'monthly_fossil_pct']",0.0043278804572926734
0,"['monthly_emissions', 'snow', 'monthly_pop_density']",0.005403209199806725
0,"['monthly_emissions', 'snow', 'monthly_emissions_sma']",0.0062575786231894035
0,"['monthly_emissions', 'tavg', 'gdp_rel_2017_interp']",0.012286138625211274
0,"['monthly_emissions', 'tavg', 'monthly_energy_prod']",0.10164013197512921
0,"['monthly_emissions', 'tavg', 'monthly_energy_use']",0.004509218635319879
0,"['monthly_emissions', 'tavg', 'monthly_energy_flow']",0.003975481601964068
0,"['monthly_emissions', 'tavg', 'monthly_renew_pct']",0.00611158650726366
0,"['monthly_emissions', 'tavg', 'monthly_fossil_pct']",0.008356739717378143
0,"['monthly_emissions', 'tavg', 'monthly_pop_density']",0.005188245903334882
0,"['monthly_emissions', 'tavg', 'monthly_emissions_sma']",0.004503373298261491
0,"['monthly_emissions', 'gdp_rel_2017_interp', 'monthly_energy_prod']",0.004361541852922871
0,"['monthly_emissions', 'gdp_rel_2017_interp', 'monthly_energy_use']",0.02639011113491966
0,"['monthly_emissions', 'gdp_rel_2017_interp', 'monthly_energy_flow']",0.014372443883859293
0,"['monthly_emissions', 'gdp_rel_2017_interp', 'monthly_renew_pct']",0.015850219504253565
0,"['monthly_emissions', 'gdp_rel_2017_interp', 'monthly_fossil_pct']",0.01409919234341329
0,"['monthly_emissions', 'gdp_rel_2017_interp', 'monthly_pop_density']",0.03247207442633006
0,"['monthly_emissions', 'gdp_rel_2017_interp', 'monthly_emissions_sma']",0.006198226010760679
0,"['monthly_emissions', 'monthly_energy_prod', 'monthly_energy_use']",0.006012112259914074
0,"['monthly_emissions', 'monthly_energy_prod', 'monthly_energy_flow']",0.004986365977806265
0,"['monthly_emissions', 'monthly_energy_prod', 'monthly_renew_pct']",0.10769452853339206
0,"['monthly_emissions', 'monthly_energy_prod', 'monthly_fossil_pct']",0.10698072317020951
0,"['monthly_emissions', 'monthly_energy_prod', 'monthly_pop_density']",0.1019118154201141
0,"['monthly_emissions', 'monthly_energy_prod', 'monthly_emissions_sma']",0.006274366052457481
0,"['monthly_emissions', 'monthly_energy_use', 'monthly_energy_flow']",0.006232030485620484
0,"['monthly_emissions', 'monthly_energy_use', 'monthly_renew_pct']",0.011523599008377251
0,"['monthly_emissions', 'monthly_energy_use', 'monthly_fossil_pct']",0.00994135771526704
0,"['monthly_emissions', 'monthly_energy_use', 'monthly_pop_density']",0.008095915770605455
0,"['monthly_emissions', 'monthly_energy_use', 'monthly_emissions_sma']",0.00659019562768107
0,"['monthly_emissions', 'monthly_energy_flow', 'monthly_renew_pct']",0.006965855211304692
0,"['monthly_emissions', 'monthly_energy_flow', 'monthly_fossil_pct']",0.004318854567385364
0,"['monthly_emissions', 'monthly_energy_flow', 'monthly_pop_density']",0.006619221339416809
0,"['monthly_emissions', 'monthly_energy_flow', 'monthly_emissions_sma']",0.007204274677508129
0,"['monthly_emissions', 'monthly_renew_pct', 'monthly_fossil_pct']",0.005273487821766312
0,"['monthly_emissions', 'monthly_renew_pct', 'monthly_pop_density']",0.014440797346700078
0,"['monthly_emissions', 'monthly_renew_pct', 'monthly_emissions_sma']",0.008949359382832771
0,"['monthly_emissions', 'monthly_fossil_pct', 'monthly_pop_density']",0.008866627841904258
0,"['monthly_emissions', 'monthly_fossil_pct', 'monthly_emissions_sma']",0.009943381527182871
0,"['monthly_emissions', 'monthly_pop_density', 'monthly_emissions_sma']",0.005774856501062908
0,"['prcp', 'snow', 'tavg']",0.0070788899732387
0,"['prcp', 'snow', 'gdp_rel_2017_interp']",0.022707808562526896
0,"['prcp', 'snow', 'monthly_energy_prod']",0.00573827857430301
0,"['prcp', 'snow', 'monthly_energy_use']",0.006097815974811364
0,"['prcp', 'snow', 'monthly_energy_flow']",0.013589422100395675
0,"['prcp', 'snow', 'monthly_renew_pct']",0.007204640246384159
0,"['prcp', 'snow', 'monthly_fossil_pct']",0.00711669205494147
0,"['prcp', 'snow', 'monthly_pop_density']",0.005694820516344887
0,"['prcp', 'snow', 'monthly_emissions_sma']",0.006151821868335113
0,"['prcp', 'tavg', 'gdp_rel_2017_interp']",0.023815400361088288
0,"['prcp', 'tavg', 'monthly_energy_prod']",0.008199156327559382
0,"['prcp', 'tavg', 'monthly_energy_use']",0.004230906538686157
0,"['prcp', 'tavg', 'monthly_energy_flow']",0.01245852041169662
0,"['prcp', 'tavg', 'monthly_renew_pct']",0.007514831292704701
0,"['prcp', 'tavg', 'monthly_fossil_pct']",0.004637654318535064
0,"['prcp', 'tavg', 'monthly_pop_density']",0.005581346315173048
0,"['prcp', 'tavg', 'monthly_emissions_sma']",0.004651869418596481
0,"['prcp', 'gdp_rel_2017_interp', 'monthly_energy_prod']",0.00944271058826194
0,"['prcp', 'gdp_rel_2017_interp', 'monthly_energy_use']",0.018802135402530108
0,"['prcp', 'gdp_rel_2017_interp', 'monthly_energy_flow']",0.022363395694602425
0,"['prcp', 'gdp_rel_2017_interp', 'monthly_renew_pct']",0.021193204109226236
0,"['prcp', 'gdp_rel_2017_interp', 'monthly_fossil_pct']",0.02034022294352479
0,"['prcp', 'gdp_rel_2017_interp', 'monthly_pop_density']",0.058353202216273624
0,"['prcp', 'gdp_rel_2017_interp', 'monthly_emissions_sma']",0.008677291829829055
0,"['prcp', 'monthly_energy_prod', 'monthly_energy_use']",0.00889834998150612
0,"['prcp', 'monthly_energy_prod', 'monthly_energy_flow']",0.00921013501777624
0,"['prcp', 'monthly_energy_prod', 'monthly_renew_pct']",0.009742946187491143
0,"['prcp', 'monthly_energy_prod', 'monthly_fossil_pct']",0.009987951222973848
0,"['prcp', 'monthly_energy_prod', 'monthly_pop_density']",0.005680558356909894
0,"['prcp', 'monthly_energy_prod', 'monthly_emissions_sma']",0.005226296975883501
0,"['prcp', 'monthly_energy_use', 'monthly_energy_flow']",0.009664152273366677
0,"['prcp', 'monthly_energy_use', 'monthly_renew_pct']",0.01316707269669669
0,"['prcp', 'monthly_energy_use', 'monthly_fossil_pct']",0.009506536831521108
0,"['prcp', 'monthly_energy_use', 'monthly_pop_density']",0.005448544488296914
0,"['prcp', 'monthly_energy_use', 'monthly_emissions_sma']",0.008932390423333927
0,"['prcp', 'monthly_energy_flow', 'monthly_renew_pct']",0.007629760724150575
0,"['prcp', 'monthly_energy_flow', 'monthly_fossil_pct']",0.011655369159061006
0,"['prcp', 'monthly_energy_flow', 'monthly_pop_density']",0.008880251996371817
0,"['prcp', 'monthly_energy_flow', 'monthly_emissions_sma']",0.007727170574980142
0,"['prcp', 'monthly_renew_pct', 'monthly_fossil_pct']",0.00681106514449209
0,"['prcp', 'monthly_renew_pct', 'monthly_pop_density']",0.006174304364856321
0,"['prcp', 'monthly_renew_pct', 'monthly_emissions_sma']",0.011374471041250122
0,"['prcp', 'monthly_fossil_pct', 'monthly_pop_density']",0.009612951665338276
0,"['prcp', 'monthly_fossil_pct', 'monthly_emissions_sma']",0.007694365290740728
0,"['prcp', 'monthly_pop_density', 'monthly_emissions_sma']",0.013259820183229697
0,"['snow', 'tavg', 'gdp_rel_2017_interp']",0.013509383080070004
0,"['snow', 'tavg', 'monthly_energy_prod']",0.004028833903689963
0,"['snow', 'tavg', 'monthly_energy_use']",0.004831297582299742
0,"['snow', 'tavg', 'monthly_energy_flow']",0.004987923149855012
0,"['snow', 'tavg', 'monthly_renew_pct']",0.00587729800528396
0,"['snow', 'tavg', 'monthly_fossil_pct']",0.006660887767394005
0,"['snow', 'tavg', 'monthly_pop_density']",0.005648699734988807
0,"['snow', 'tavg', 'monthly_emissions_sma']",0.004990241892626398
0,"['snow', 'gdp_rel_2017_interp', 'monthly_energy_prod']",0.005146062132301805
0,"['snow', 'gdp_rel_2017_interp', 'monthly_energy_use']",0.013393459017662469
0,"['snow', 'gdp_rel_2017_interp', 'monthly_energy_flow']",0.029169141117979393
0,"['snow', 'gdp_rel_2017_interp', 'monthly_renew_pct']",0.01857610866515597
0,"['snow', 'gdp_rel_2017_interp', 'monthly_fossil_pct']",0.018706523648113267
0,"['snow', 'gdp_rel_2017_interp', 'monthly_pop_density']",0.013501475462316347
0,"['snow', 'gdp_rel_2017_interp', 'monthly_emissions_sma']",0.02738078325425147
0,"['snow', 'monthly_energy_prod', 'monthly_energy_use']",0.004112935095165401
0,"['snow', 'monthly_energy_prod', 'monthly_energy_flow']",0.0039466349633955665
0,"['snow', 'monthly_energy_prod', 'monthly_renew_pct']",0.00796433963912112
0,"['snow', 'monthly_energy_prod', 'monthly_fossil_pct']",0.006381020584418453
0,"['snow', 'monthly_energy_prod', 'monthly_pop_density']",0.005836588068504014
0,"['snow', 'monthly_energy_prod', 'monthly_emissions_sma']",0.10408828864474849
0,"['snow', 'monthly_energy_use', 'monthly_energy_flow']",0.004435092351897505
0,"['snow', 'monthly_energy_use', 'monthly_renew_pct']",0.0075187487707147555
0,"['snow', 'monthly_energy_use', 'monthly_fossil_pct']",0.004518051431837801
0,"['snow', 'monthly_energy_use', 'monthly_pop_density']",0.005536857716593234
0,"['snow', 'monthly_energy_use', 'monthly_emissions_sma']",0.005519842540213555
0,"['snow', 'monthly_energy_flow', 'monthly_renew_pct']",0.007874100461558951
0,"['snow', 'monthly_energy_flow', 'monthly_fossil_pct']",0.006648097303910191
0,"['snow', 'monthly_energy_flow', 'monthly_pop_density']",0.00529698023228788
0,"['snow', 'monthly_energy_flow', 'monthly_emissions_sma']",0.0061653032727275354
0,"['snow', 'monthly_renew_pct', 'monthly_fossil_pct']",0.005722332927551892
0,"['snow', 'monthly_renew_pct', 'monthly_pop_density']",0.005959337559506678
0,"['snow', 'monthly_renew_pct', 'monthly_emissions_sma']",0.008208754767031486
0,"['snow', 'monthly_fossil_pct', 'monthly_pop_density']",0.004508832035978619
0,"['snow', 'monthly_fossil_pct', 'monthly_emissions_sma']",0.004254981996950423
0,"['snow', 'monthly_pop_density', 'monthly_emissions_sma']",0.0054552552521698406
0,"['tavg', 'gdp_rel_2017_interp', 'monthly_energy_prod']",0.003814796073764333
0,"['tavg', 'gdp_rel_2017_interp', 'monthly_energy_use']",0.012219781494764949
0,"['tavg', 'gdp_rel_2017_interp', 'monthly_energy_flow']",0.005234008050011545
0,"['tavg', 'gdp_rel_2017_interp', 'monthly_renew_pct']",0.01892517737813622
0,"['tavg', 'gdp_rel_2017_interp', 'monthly_fossil_pct']",0.014774625904009868
0,"['tavg', 'gdp_rel_2017_interp', 'monthly_pop_density']",0.018403034932148437
0,"['tavg', 'gdp_rel_2017_interp', 'monthly_emissions_sma']",0.012299318670571572
0,"['tavg', 'monthly_energy_prod', 'monthly_energy_use']",0.004007111280267068
0,"['tavg', 'monthly_energy_prod', 'monthly_energy_flow']",0.013378275525772991
0,"['tavg', 'monthly_energy_prod', 'monthly_renew_pct']",0.0052398423193642865
0,"['tavg', 'monthly_energy_prod', 'monthly_fossil_pct']",0.0036031977337166415
0,"['tavg', 'monthly_energy_prod', 'monthly_pop_density']",0.005026087395256614
0,"['tavg', 'monthly_energy_prod', 'monthly_emissions_sma']",0.10149364711428871
0,"['tavg', 'monthly_energy_use', 'monthly_energy_flow']",0.004277544579150332
0,"['tavg', 'monthly_energy_use', 'monthly_renew_pct']",0.004201812452211539
0,"['tavg', 'monthly_energy_use', 'monthly_fossil_pct']",0.005636136562634504
0,"['tavg', 'monthly_energy_use', 'monthly_pop_density']",0.005303807299016317
0,"['tavg', 'monthly_energy_use', 'monthly_emissions_sma']",0.0040326860203098005
0,"['tavg', 'monthly_energy_flow', 'monthly_renew_pct']",0.006964552099733156
0,"['tavg', 'monthly_energy_flow', 'monthly_fossil_pct']",0.007101213650935786
0,"['tavg', 'monthly_energy_flow', 'monthly_pop_density']",0.00536346662196418
0,"['tavg', 'monthly_energy_flow', 'monthly_emissions_sma']",0.003995169801191778
0,"['tavg', 'monthly_renew_pct', 'monthly_fossil_pct']",0.005585263984572497
0,"['tavg', 'monthly_renew_pct', 'monthly_pop_density']",0.005839966642459523
0,"['tavg', 'monthly_renew_pct', 'monthly_emissions_sma']",0.010181371270668106
0,"['tavg', 'monthly_fossil_pct', 'monthly_pop_density']",0.004755632843297236
0,"['tavg', 'monthly_fossil_pct', 'monthly_emissions_sma']",0.008410926012127952
0,"['tavg', 'monthly_pop_density', 'monthly_emissions_sma']",0.0051940565768735895
0,"['gdp_rel_2017_interp', 'monthly_energy_prod', 'monthly_energy_use']",0.01563595635667435
0,"['gdp_rel_2017_interp', 'monthly_energy_prod', 'monthly_energy_flow']",0.005533020362836085
0,"['gdp_rel_2017_interp', 'monthly_energy_prod', 'monthly_renew_pct']",0.014082395788404195
0,"['gdp_rel_2017_interp', 'monthly_energy_prod', 'monthly_fossil_pct']",0.006203208685347066
0,"['gdp_rel_2017_interp', 'monthly_energy_prod', 'monthly_pop_density']",0.007410879588379663
0,"['gdp_rel_2017_interp', 'monthly_energy_prod', 'monthly_emissions_sma']",0.005702263855224438
0,"['gdp_rel_2017_interp', 'monthly_energy_use', 'monthly_energy_flow']",0.023744643195056113
0,"['gdp_rel_2017_interp', 'monthly_energy_use', 'monthly_renew_pct']",0.02124385616110588
0,"['gdp_rel_2017_interp', 'monthly_energy_use', 'monthly_fossil_pct']",0.01572135990030275
0,"['gdp_rel_2017_interp', 'monthly_energy_use', 'monthly_pop_density']",0.01633819885753789
0,"['gdp_rel_2017_interp', 'monthly_energy_use', 'monthly_emissions_sma']",0.025838477902039525
0,"['gdp_rel_2017_interp', 'monthly_energy_flow', 'monthly_renew_pct']",0.02203745460312828
0,"['gdp_rel_2017_interp', 'monthly_energy_flow', 'monthly_fossil_pct']",0.008772175998903625
0,"['gdp_rel_2017_interp', 'monthly_energy_flow', 'monthly_pop_density']",0.015748690345206283
0,"['gdp_rel_2017_interp', 'monthly_energy_flow', 'monthly_emissions_sma']",0.014449907341120298
0,"['gdp_rel_2017_interp', 'monthly_renew_pct', 'monthly_fossil_pct']",0.015054993678771616
0,"['gdp_rel_2017_interp', 'monthly_renew_pct', 'monthly_pop_density']",0.013875213275159283
0,"['gdp_rel_2017_interp', 'monthly_renew_pct', 'monthly_emissions_sma']",0.01599054907755869
0,"['gdp_rel_2017_interp', 'monthly_fossil_pct', 'monthly_pop_density']",0.019092176392931523
0,"['gdp_rel_2017_interp', 'monthly_fossil_pct', 'monthly_emissions_sma']",0.014103938587104308
0,"['gdp_rel_2017_interp', 'monthly_pop_density', 'monthly_emissions_sma']",0.03247207442633198
0,"['monthly_energy_prod', 'monthly_energy_use', 'monthly_energy_flow']",0.004400113793411751
0,"['monthly_energy_prod', 'monthly_energy_use', 'monthly_renew_pct']",0.011407859358956097
0,"['monthly_energy_prod', 'monthly_energy_use', 'monthly_fossil_pct']",0.007835455591557931
0,"['monthly_energy_prod', 'monthly_energy_use', 'monthly_pop_density']",0.007052979674610052
0,"['monthly_energy_prod', 'monthly_energy_use', 'monthly_emissions_sma']",0.004652917274343189
0,"['monthly_energy_prod', 'monthly_energy_flow', 'monthly_renew_pct']",0.009196916920989907
0,"['monthly_energy_prod', 'monthly_energy_flow', 'monthly_fossil_pct']",0.006984114884291443
0,"['monthly_energy_prod', 'monthly_energy_flow', 'monthly_pop_density']",0.008077806770833244
0,"['monthly_energy_prod', 'monthly_energy_flow', 'monthly_emissions_sma']",0.005865284716966499
0,"['monthly_energy_prod', 'monthly_renew_pct', 'monthly_fossil_pct']",0.006696497103596505
0,"['monthly_energy_prod', 'monthly_renew_pct', 'monthly_pop_density']",0.006131667042840367
0,"['monthly_energy_prod', 'monthly_renew_pct', 'monthly_emissions_sma']",0.11002172079065307
0,"['monthly_energy_prod', 'monthly_fossil_pct', 'monthly_pop_density']",0.005663267653678857
0,"['monthly_energy_prod', 'monthly_fossil_pct', 'monthly_emissions_sma']",0.10694356229424935
0,"['monthly_energy_prod', 'monthly_pop_density', 'monthly_emissions_sma']",0.10208524755650218
0,"['monthly_energy_use', 'monthly_energy_flow', 'monthly_renew_pct']",0.010092851960706261
0,"['monthly_energy_use', 'monthly_energy_flow', 'monthly_fossil_pct']",0.008610434018444132
0,"['monthly_energy_use', 'monthly_energy_flow', 'monthly_pop_density']",0.009073081931321794
0,"['monthly_energy_use', 'monthly_energy_flow', 'monthly_emissions_sma']",0.006195325584683332
0,"['monthly_energy_use', 'monthly_renew_pct', 'monthly_fossil_pct']",0.007139249249904611
0,"['monthly_energy_use', 'monthly_renew_pct', 'monthly_pop_density']",0.00645789291786194
0,"['monthly_energy_use', 'monthly_renew_pct', 'monthly_emissions_sma']",0.011525971921598866
0,"['monthly_energy_use', 'monthly_fossil_pct', 'monthly_pop_density']",0.009640547404963302
0,"['monthly_energy_use', 'monthly_fossil_pct', 'monthly_emissions_sma']",0.012384713295820592
0,"['monthly_energy_use', 'monthly_pop_density', 'monthly_emissions_sma']",0.007494934142772089
0,"['monthly_energy_flow', 'monthly_renew_pct', 'monthly_fossil_pct']",0.009546234528491841
0,"['monthly_energy_flow', 'monthly_renew_pct', 'monthly_pop_density']",0.006388951141932415
0,"['monthly_energy_flow', 'monthly_renew_pct', 'monthly_emissions_sma']",0.006620286495013761
0,"['monthly_energy_flow', 'monthly_fossil_pct', 'monthly_pop_density']",0.007866959997781016
0,"['monthly_energy_flow', 'monthly_fossil_pct', 'monthly_emissions_sma']",0.004317990034941101
0,"['monthly_energy_flow', 'monthly_pop_density', 'monthly_emissions_sma']",0.006699708912560816
0,"['monthly_renew_pct', 'monthly_fossil_pct', 'monthly_pop_density']",0.008185875305903647
0,"['monthly_renew_pct', 'monthly_fossil_pct', 'monthly_emissions_sma']",0.007830319423681807
0,"['monthly_renew_pct', 'monthly_pop_density', 'monthly_emissions_sma']",0.014565407161933164
0,"['monthly_fossil_pct', 'monthly_pop_density', 'monthly_emissions_sma']",0.00891518828615971
